{"format": "layers-model", "generatedBy": "keras v2.6.0", "convertedBy": "TensorFlow.js Converter v3.11.0", "modelTopology": {"keras_version": "2.6.0", "backend": "tensorflow", "model_config": {"class_name": "Sequential", "config": {"name": "sequential_17", "layers": [{"class_name": "InputLayer", "config": {"batch_input_shape": [null, 9], "dtype": "float32", "sparse": false, "ragged": false, "name": "dense_68_input"}}, {"class_name": "Dense", "config": {"name": "dense_68", "trainable": true, "batch_input_shape": [null, 9], "dtype": "float32", "units": 9, "activation": "relu", "use_bias": true, "kernel_initializer": {"class_name": "GlorotUniform", "config": {"seed": null}}, "bias_initializer": {"class_name": "Zeros", "config": {}}, "kernel_regularizer": null, "bias_regularizer": null, "activity_regularizer": null, "kernel_constraint": null, "bias_constraint": null}}, {"class_name": "Dense", "config": {"name": "dense_69", "trainable": true, "dtype": "float32", "units": 256, "activation": "relu", "use_bias": true, "kernel_initializer": {"class_name": "GlorotUniform", "config": {"seed": null}}, "bias_initializer": {"class_name": "Zeros", "config": {}}, "kernel_regularizer": null, "bias_regularizer": null, "activity_regularizer": null, "kernel_constraint": null, "bias_constraint": null}}, {"class_name": "Dense", "config": {"name": "dense_70", "trainable": true, "dtype": "float32", "units": 256, "activation": "relu", "use_bias": true, "kernel_initializer": {"class_name": "GlorotUniform", "config": {"seed": null}}, "bias_initializer": {"class_name": "Zeros", "config": {}}, "kernel_regularizer": null, "bias_regularizer": null, "activity_regularizer": null, "kernel_constraint": null, "bias_constraint": null}}, {"class_name": "Dense", "config": {"name": "dense_71", "trainable": true, "dtype": "float32", "units": 9, "activation": "softmax", "use_bias": true, "kernel_initializer": {"class_name": "GlorotUniform", "config": {"seed": null}}, "bias_initializer": {"class_name": "Zeros", "config": {}}, "kernel_regularizer": null, "bias_regularizer": null, "activity_regularizer": null, "kernel_constraint": null, "bias_constraint": null}}]}}, "training_config": {"loss": {"class_name": "SparseCategoricalCrossentropy", "config": {"reduction": "auto", "name": "sparse_categorical_crossentropy", "from_logits": true}}, "metrics": [[{"class_name": "MeanMetricWrapper", "config": {"name": "accuracy", "dtype": "float32", "fn": "sparse_categorical_accuracy"}}]], "weighted_metrics": null, "loss_weights": null, "optimizer_config": {"class_name": "Adam", "config": {"name": "Adam", "learning_rate": 0.0010000000474974513, "decay": 0.0, "beta_1": 0.8999999761581421, "beta_2": 0.9990000128746033, "epsilon": 1e-07, "amsgrad": false}}}}, "weightsManifest": [{"paths": ["group1-shard1of1.bin"], "weights": [{"name": "dense_68/kernel", "shape": [9, 9], "dtype": "float32"}, {"name": "dense_68/bias", "shape": [9], "dtype": "float32"}, {"name": "dense_69/kernel", "shape": [9, 256], "dtype": "float32"}, {"name": "dense_69/bias", "shape": [256], "dtype": "float32"}, {"name": "dense_70/kernel", "shape": [256, 256], "dtype": "float32"}, {"name": "dense_70/bias", "shape": [256], "dtype": "float32"}, {"name": "dense_71/kernel", "shape": [256, 9], "dtype": "float32"}, {"name": "dense_71/bias", "shape": [9], "dtype": "float32"}]}]}